{
  "type3": 0.6285714285714286,
  "type2": 0.5866666666666667,
  "WNL": 4.4,
  "type1": 0.8,
  "type4": 4.4
}